,accuracy,loss,val_accuracy,val_loss
0,0.4313555657863617,1.5438140630722046,0.5338777899742126,1.2885642051696777
1,0.5663777589797974,1.1982628107070923,0.582966685295105,1.1595147848129272
2,0.6234889030456543,1.0500128269195557,0.6085666418075562,1.0985280275344849
3,0.6641222238540649,0.9442893862724304,0.6237333416938782,1.0606580972671509
4,0.6982777714729309,0.8471168875694275,0.6156222224235535,1.0981190204620361
5,0.7297555804252625,0.7612633109092712,0.6164555549621582,1.1397802829742432
6,0.754800021648407,0.6937286853790283,0.6195777654647827,1.206396222114563
7,0.7700889110565186,0.6452368497848511,0.5921333432197571,1.4045966863632202
