,accuracy,loss,val_accuracy,val_loss
0,0.32314443588256836,1.830593466758728,0.4091222286224365,1.6118282079696655
1,0.4260999858379364,1.5638235807418823,0.4530666768550873,1.5251274108886719
2,0.47993332147598267,1.4200491905212402,0.4736666679382324,1.4884692430496216
3,0.5255333185195923,1.3085579872131348,0.4744555652141571,1.528953194618225
4,0.5659000277519226,1.2080482244491577,0.47699999809265137,1.5622690916061401
5,0.5976889133453369,1.122183084487915,0.46531111001968384,1.6385859251022339
6,0.6196555495262146,1.058770775794983,0.44744443893432617,1.7565712928771973
7,0.6423222422599792,0.9966795444488525,0.44847777485847473,1.8585513830184937
8,0.6629777550697327,0.9395840167999268,0.4569999873638153,1.792039394378662
