epoch,train_loss,val_loss,val_accuracy,val_balanced_accuracy,val_precision,val_recall,val_f1,val_auc
1,0.6383364924885169,0.5502498707058676,0.7727338191248807,0.7713830500906657,0.8113693881351778,0.6993715566899777,0.751219027953687,0.8603205030919044
2,0.5402360662541602,0.5470268226554664,0.7645970072777,0.7661641261775356,0.7205660083218064,0.8497095506395281,0.779827229231321,0.866384493566483
3,0.5093143712259505,0.5098723293905153,0.7865150910547914,0.7875491523949412,0.7520641426406997,0.8426764905896437,0.7947960429590886,0.8788067949700691
4,0.4841366348830527,0.4896701212034541,0.8037100085246129,0.8042349573375968,0.7817757705221556,0.8322207543349714,0.8062099409072082,0.8899494459897056
5,0.4695758859464843,0.4838993298254137,0.8064204881634995,0.8060927872354222,0.8115027313261349,0.7886225664782868,0.7998990673551336,0.8897011465707175
