epoch,train_loss,val_loss,val_accuracy,val_balanced_accuracy,val_precision,val_recall,val_f1,val_auc
1,0.5708966575683453,0.5520949670675831,0.7504427356929718,0.7496971715926569,0.7057945048277174,0.8644455447020114,0.7771052780830647,0.8326476618430916
2,0.4905402531527835,0.5905780176116838,0.7505669022423701,0.7511346605005573,0.8063562337834244,0.6637520512536037,0.728137661235475,0.8547061350052112
3,0.4697869409553202,0.5194783761693395,0.7779035430910982,0.77743797959925,0.7451381867230421,0.8490919839244642,0.7937258658272343,0.862857523204508
4,0.45833144761814437,0.5336834267015083,0.7757830450937907,0.7756909387818668,0.7703967884292491,0.7898668485955433,0.7800103380029862,0.8605394093001397
5,0.4534062596227619,0.5339642396907216,0.7768776551711034,0.77680729975211,0.7732263998176713,0.7876355704071928,0.7803644756448948,0.8623323250290221
