epoch,train_loss,val_loss,val_accuracy,val_balanced_accuracy,val_precision,val_recall,val_f1,val_auc
1,0.5742885310844553,0.5482564743776959,0.7738943251434008,0.7741404511892616,0.8044598315295913,0.7267872107482699,0.763653546388787,0.8664212943503815
2,0.5007194805243049,0.5248865474478792,0.7956030140373042,0.7954917246024062,0.7851165266212108,0.8169031739710872,0.8006945011935843,0.8808360621726912
3,0.4802790875325089,0.5164775322759406,0.8023334225286456,0.8023184623982657,0.8022425406137088,0.8051967057326325,0.8037169085786471,0.8878044508508256
4,0.4672332638317662,0.5108820725310029,0.8047531270697452,0.80450702371959,0.7799546958708057,0.851855897636911,0.8143212333717543,0.8907506584807794
5,0.4608908199635039,0.5092324120461897,0.8053265768292527,0.8053565776560937,0.8105244013425231,0.7995845905351677,0.8050173309204819,0.8911144241787731
