epoch,train_loss,val_loss,val_accuracy,val_balanced_accuracy,val_precision,val_recall,val_f1,val_auc
1,0.09559629620248908,0.06819529226772536,0.9896338750102305,0.9896204110488467,0.9911797479769598,0.9878956617010642,0.9895349800255424,0.999243546967959
2,0.03174493607956948,0.06324993057420143,0.9911581285538124,0.991128645234865,0.9947863643415872,0.9873517972719686,0.9910551380886105,0.9993962632987218
3,0.027493142140753286,0.06561310592617534,0.9909674867245802,0.9909183931576062,0.997127387950777,0.9846294492721439,0.9908390095204255,0.9995296557674415
4,0.025073635989524223,0.05462687930088086,0.9917796235277471,0.9917509579023451,0.9953169821632514,0.9880788574479235,0.9916847125455064,0.9995250597018062
5,0.02329562535084497,0.05445371234496258,0.9918784035375188,0.9918517939797784,0.9951532505936663,0.9884430782200452,0.9917868147152301,0.9995310460729286
