epoch,train_loss,val_loss,val_accuracy,val_balanced_accuracy,val_precision,val_recall,val_f1,val_auc
1,0.38373547237595174,0.23456499144653087,0.9287291117133057,0.9288225381177266,0.9090164409312971,0.9521909586596844,0.9301029391114616,0.9790338097764735
2,0.26979365735888794,0.24014187818268617,0.9289750230521393,0.9290368141827673,0.9155562815198971,0.9444924140769099,0.9297992731083324,0.9786306113807829
3,0.24775018940882312,0.22059416772756207,0.937254977803404,0.9373065417622874,0.9257621977027487,0.9502040548739831,0.9378239005077426,0.983288913275494
4,0.22923882860770983,0.21667481401177593,0.9392654718124701,0.9393195330240716,0.9272135062881419,0.9528416752443741,0.9398529142326911,0.9846268790377708
5,0.21898806446712427,0.22165116764799492,0.9387223820948224,0.9387467431386891,0.932965904628424,0.9448400860372913,0.9388654525342854,0.9841834722820602
