epoch,train_loss,val_loss,val_accuracy,val_balanced_accuracy,val_precision,val_recall,val_f1,val_auc
1,0.3019502128439563,0.2540084663264462,0.9265215834084614,0.9265151871182999,0.9229792503747664,0.9309403647303391,0.9269427142165564,0.9781652426840537
2,0.19427646457353898,0.22835532612950657,0.9325259822197345,0.9325015570392527,0.9185788916851423,0.9493997525731279,0.9337350565172673,0.9805500663982925
3,0.1775539249194122,0.23854888720210815,0.9338030124826446,0.9337955640119961,0.9295599000319476,0.9389486769456084,0.9342307003894188,0.9819677407275949
4,0.1684023576745632,0.22935185450402282,0.9369914657556132,0.9369785587046324,0.9295011129257493,0.9459081087402467,0.9376328426267454,0.9829888698061374
5,0.1636715649772694,0.23978945674521338,0.9367382150283695,0.9367400860846773,0.9380419359309421,0.9354456237830588,0.9367419808493865,0.9835571597065116
