epoch,train_loss,val_loss,val_accuracy,val_balanced_accuracy,val_precision,val_recall,val_f1,val_auc
1,0.5345914361576882,0.4858301711775953,0.804002048905413,0.802645785655147,0.8490650435441996,0.7303404519437869,0.7852404583917806,0.8917545186548848
2,0.46945789810832983,0.470677413098671,0.8144578550083271,0.8139637340857,0.8261007722663212,0.7876210766426709,0.8064021443443148,0.8991956387961517
3,0.4557118158226646,0.4621651208508338,0.8208741657893405,0.8210254200216793,0.8102284245790253,0.8290891110067187,0.8195502697487769,0.9053615423981783
4,0.4480746435634308,0.45969659466681295,0.822904855797716,0.8231465237389498,0.8093056953327826,0.8360303655261732,0.8224509902715625,0.9082011039645013
5,0.4439613599341874,0.4574474154886535,0.8253203953725664,0.8248516110837953,0.8368860778879467,0.7998597045113914,0.8179540869051468,0.909016640784136
