epoch,train_loss,val_loss,val_accuracy,val_balanced_accuracy,val_precision,val_recall,val_f1,val_auc
1,0.4161069804815712,0.32957971945545256,0.9018509435817046,0.9020372184687778,0.8847168067404892,0.921992710914345,0.902970221905903,0.9670879604984554
2,0.279006451845564,0.3463012531181445,0.9048375811463444,0.904472333152194,0.9377314493224314,0.8653435826128744,0.9000844418709149,0.9727869675749741
3,0.2489972880516605,0.3073321523268877,0.9147661770944548,0.9150867094816488,0.8865475312383899,0.9494251097443471,0.9169096187501441,0.9756171023607729
4,0.22941148578485893,0.27299944285281474,0.9220940948013245,0.9221696919829847,0.9139842093079998,0.9302683627766107,0.9220543941392647,0.9775301948876052
5,0.21965993056853744,0.2725843294994162,0.9228429357931275,0.9228609605904556,0.9198687724526025,0.9247919439482664,0.9223237885322673,0.9779117819461935
