epoch,train_loss,val_loss,val_accuracy,val_balanced_accuracy,val_precision,val_recall,val_f1,val_auc
1,0.39319778438138375,0.3349030041405693,0.8952153055500796,0.8950837180350563,0.902549422762465,0.8834240396419908,0.8928843275867194,0.961825490008167
2,0.2581050048831243,0.28708592815109735,0.9066319071772018,0.906817113609689,0.8917289654017715,0.9232278455757484,0.9072050713118215,0.9670426636330528
3,0.23827179571709475,0.2882647849911524,0.911266527121458,0.9113519088608064,0.9032661103971777,0.9189173957633192,0.9110245362678956,0.9700067915872264
4,0.23161981385559882,0.2917779335265175,0.9120796014853226,0.9120995692287146,0.9087926534547794,0.9138688667653709,0.9113236913424272,0.9703898817057385
5,0.227830015784537,0.29125407174546797,0.9126615949271846,0.9126671664250554,0.9104365003350005,0.9131608445170187,0.9117966374232599,0.9707341392146447
