epoch,train_loss,val_loss,val_accuracy,val_balanced_accuracy,val_precision,val_recall,val_f1,val_auc
1,0.113827109532724,0.07132646514148247,0.9897349775186888,0.9897422131945209,0.9911273450882095,0.988431156111607,0.9897774144745821,0.9992255042743344
2,0.04376264556115322,0.0620254127519358,0.9915124159387848,0.991514972975467,0.9920582899237752,0.9910516546716607,0.9915547168114971,0.9995194858764787
3,0.037608049551835276,0.06124165740087133,0.9888506949767708,0.9889036104583926,0.9984789146957582,0.9793156716692966,0.988804454956095,0.9995783285867884
4,0.03579931431954472,0.05329260646371778,0.9912489590274958,0.9912826842890997,0.9973901219763713,0.9851718877132485,0.9912433552661892,0.9996013811749449
5,0.03440893469810684,0.052031975892060614,0.9920539973582091,0.9920754164231899,0.9959693337167788,0.9881944220967485,0.9920666449778982,0.9996009220328179
