epoch,train_loss,val_loss,val_accuracy,val_balanced_accuracy,val_precision,val_recall,val_f1,val_auc
1,0.5630513916543571,0.5476914140860081,0.759127991208606,0.7578292729030394,0.7916611006979218,0.6904971436627707,0.7376266749663093,0.8404828295664655
2,0.4944106878154372,0.5348169753400828,0.7697826697965964,0.7706331362026944,0.7413730297216303,0.814725618555839,0.7763204484358233,0.863566886174189
3,0.47401173432623867,0.5193898957615033,0.7821423676230943,0.7822018467050561,0.773790252870539,0.7852855433131499,0.7794955198756335,0.8688738415755086
4,0.4656163935087354,0.5158647328704865,0.7857772375748361,0.7857565707888974,0.7798173107933687,0.784685100019727,0.7822436325924095,0.8728968964341248
5,0.4615086282740177,0.5149366556701354,0.7869414946169778,0.786848213144101,0.783169737570539,0.7820120295309608,0.7825904553934799,0.8737650127849947
