epoch,train_loss,val_loss,val_accuracy,val_balanced_accuracy,val_precision,val_recall,val_f1,val_auc
1,0.41360961608150876,0.5139211740444839,0.8260165904411397,0.8280202153192616,0.9064359384372251,0.7352909069673831,0.8119427481458755,0.9333432766137397
2,0.3187882028935086,0.43060883056566934,0.8604596182456415,0.8612134807064556,0.8925259883077943,0.8263241432126724,0.8581501773294073,0.9411666840507914
3,0.30116324291950475,0.42626636250660277,0.868414264160876,0.8687415673275829,0.8847430696828718,0.8535937237359389,0.8688893133474829,0.9418797252093946
4,0.29094538579166207,0.40148008319498946,0.8741089690559964,0.8741071433909726,0.8787257892413295,0.8741916365796888,0.8764528488178667,0.9439783233694679
5,0.28454117512727306,0.3866547855984002,0.8771304525441891,0.8768271334266594,0.8714562466227999,0.8908649766804283,0.881053735902327,0.9448680287322975
