epoch,train_loss,val_loss,val_accuracy,val_balanced_accuracy,val_precision,val_recall,val_f1,val_auc
1,0.5046690932118711,0.5517711117364592,0.7740009166070406,0.7740741013656187,0.762872773937796,0.7925605483426911,0.7774333433224718,0.8551002240809161
2,0.4189276255946045,0.5140295681447677,0.8046243349790186,0.8046755954518106,0.7957005567599756,0.8176239747414155,0.8065133074206745,0.8846197710873138
3,0.40373201275256676,0.5165280051595839,0.8020294118628918,0.8020773744752503,0.7936372704119938,0.8141927152576199,0.8037835963822691,0.8822195737440264
4,0.395934978295687,0.5132013332852771,0.8065917494874488,0.8066372011863199,0.7984831841170486,0.8181182860122168,0.8081814919383713,0.8867300554201867
5,0.39236213722734053,0.5254567746223884,0.804625034436351,0.8045926974546147,0.8084281164540396,0.7964243860482287,0.8023813594173268,0.8861510953432711
