epoch,train_loss,val_loss,val_accuracy,val_balanced_accuracy,val_precision,val_recall,val_f1,val_auc
1,0.43260471778119197,0.40998627880406147,0.8503045157867307,0.8514520281002098,0.8022878371915825,0.9232760223355475,0.8585403768173756,0.9429525921167116
2,0.3285577772084181,0.361400681404787,0.8824547056230572,0.8821107517578848,0.896372511869946,0.8605823200894983,0.8781128824685639,0.9554111038606854
3,0.30157635158463963,0.3326682659423007,0.8888863980612127,0.8890985834823502,0.8755913900827044,0.9023794906112628,0.8887836366116918,0.9592421284064425
4,0.28001033703633926,0.32118464144390174,0.8902312871369908,0.8901818557641826,0.8895094485996577,0.8870878945108518,0.8882970212307657,0.9597855898370873
5,0.2694626837766351,0.31983425314640673,0.8932092084439774,0.8929521152518625,0.9032626718679174,0.8768603838329427,0.8898657321689885,0.9621181822572438
