epoch,train_loss,val_loss,val_accuracy,val_balanced_accuracy,val_precision,val_recall,val_f1,val_auc
1,0.3286701087443194,0.25198972495926264,0.9237614756540471,0.9236999769557341,0.9099139662126762,0.9412433987512104,0.9253135690556717,0.9758374081148629
2,0.20848004805479917,0.22623121069482635,0.9293439047569703,0.9292346777053343,0.9046614747968574,0.9603933248131992,0.931694706013164,0.9795231283210416
3,0.18635137296337972,0.2556150105980752,0.9289600129651043,0.928980776903771,0.9345537253891203,0.9230575534184365,0.928770066307435,0.9797696280462338
4,0.1732211558069668,0.2267118338011763,0.935940494815883,0.935904932585879,0.9277082086843393,0.9460495895959276,0.9367891313339494,0.9819547250711702
5,0.16584309741445538,0.23694057757918321,0.9357615178108311,0.935753525526829,0.9342078183050097,0.938033443853586,0.9361167225523538,0.982452472356061
