epoch,train_loss,val_loss,val_accuracy,val_balanced_accuracy,val_precision,val_recall,val_f1,val_auc
1,0.4667612407429197,0.45806406118807724,0.8196739199680786,0.8199160470408658,0.8428777313741507,0.7893172218624847,0.815218682031476,0.9031033950738054
2,0.37066118241286955,0.43183269869070107,0.8406063456369531,0.8403842656760163,0.8245945358053344,0.8684496357401765,0.845954094156642,0.9128803558507104
3,0.3476086231655403,0.430886433406801,0.8319583069446442,0.8323299919799141,0.8686040744957662,0.7853582705415507,0.8248862445728148,0.919401658003071
4,0.334404367031799,0.41722898955709486,0.8523353996662482,0.8519229015371326,0.8210332859161644,0.9040523804670254,0.8605452019451146,0.9216964904393434
5,0.32749268573410867,0.4079861657745592,0.8516543861045954,0.8515415552568483,0.8438905647673037,0.8658005612622505,0.854705172759748,0.9222356871514993
