epoch,train_loss,val_loss,val_accuracy,val_balanced_accuracy,val_precision,val_recall,val_f1,val_auc
1,0.08556606635421464,0.06320878090192368,0.9905941002456219,0.9905919656071585,0.9907179359245927,0.9903185159000094,0.99051818564642,0.9992669303121482
2,0.029028390315270422,0.05731782257689076,0.9917799498574787,0.9917496818162215,0.9955238396884314,0.987872309999041,0.991683315838936,0.9994371035349499
3,0.02489006796448904,0.06072215653311651,0.9913410363684043,0.9912943682010531,0.9971962966483912,0.9853161208705146,0.9912206128723184,0.9995010471116815
4,0.022670079316055875,0.05199158323841983,0.9921687717327443,0.9921404449602075,0.9956714373768345,0.9885117519578265,0.9920786772372326,0.9995229336450685
5,0.021038472980306176,0.05165358498989875,0.9922199728676407,0.9921895018496297,0.9960004168497456,0.9882861284706714,0.99212827728433,0.9995342234404013
