epoch,train_loss,val_loss,val_accuracy,val_balanced_accuracy,val_precision,val_recall,val_f1,val_auc
1,0.3149384002139339,0.2798890881995366,0.9091655780167894,0.9093108156280363,0.8830374394310109,0.9423474180866037,0.9117288857685059,0.9696952035529949
2,0.2094384896004708,0.28916282665463644,0.9156587068764924,0.9156612593505091,0.9144941208925454,0.9162418601236035,0.9153671562554976,0.9728990637464469
3,0.19565063495334545,0.3067031333543385,0.9138504004153786,0.9137691185415822,0.9290796759330694,0.8952802648028892,0.9118668742055285,0.9743028570309546
4,0.18744840407004,0.28030630784384863,0.9223186006886642,0.9223270690862817,0.920061987464937,0.9242533406845986,0.9221529014830504,0.976552461702865
5,0.18183502893798814,0.29198828383586667,0.9205531113738593,0.9205159708399615,0.9271516585176264,0.9120677662533656,0.9195478590245605,0.9765691246015702
