epoch,train_loss,val_loss,val_accuracy,val_balanced_accuracy,val_precision,val_recall,val_f1,val_auc
1,0.5429918516788664,0.4361160959083909,0.8184218712516406,0.8196586471217245,0.8610548933888631,0.7698805544350862,0.8129192600550055,0.9058839952725303
2,0.39241913541734585,0.4868082940545081,0.8119808399150505,0.808868825684975,0.7562725134377736,0.9341220235633639,0.8358413318953704,0.914415543142403
3,0.3639464199155242,0.3899866431334002,0.8397433476681689,0.8406201366070565,0.872132068094166,0.8053308961534889,0.8374013792638072,0.9221954481716654
4,0.34083265523230805,0.3653265258948572,0.8506584886832318,0.850499767980631,0.8524400355282507,0.8568880021275486,0.8546582316394745,0.9273198960596991
5,0.3266117799286133,0.3661615123538711,0.8502350454808862,0.8497916538009728,0.8443805616719119,0.8676374031182839,0.8558510165661213,0.9265517136051202
