epoch,train_loss,val_loss,val_accuracy,val_balanced_accuracy,val_precision,val_recall,val_f1,val_auc
1,0.3251069237000936,0.2103168761935073,0.9378993311360199,0.9379883700934155,0.9187191218585943,0.9602557370151895,0.9390283252635393,0.9844278616359093
2,0.22853996482753985,0.21123826384468491,0.9426910917020548,0.9427042601515414,0.9393534797330552,0.9459975006058918,0.9426637833271351,0.9862854447801636
3,0.2142530834391151,0.19821126820098664,0.9450665504090051,0.9451197005887997,0.9330954474036568,0.9584117986777934,0.9455842032187384,0.9872425178076838
4,0.20750744833733295,0.20029392604232973,0.9467805860631757,0.9468074178674128,0.9404441016692116,0.9535176674884328,0.9469357627273643,0.9878877059012836
5,0.20426990566148262,0.19846000258593252,0.9471192629876143,0.9471544685494884,0.9389601076423091,0.9559588749224781,0.947383245782796,0.9880353144949013
