epoch,train_loss,val_loss,val_accuracy,val_balanced_accuracy,val_precision,val_recall,val_f1,val_auc
1,0.08165937962360151,0.06202313746687049,0.9908753762669065,0.990874843224131,0.9908613038394262,0.9907826249421077,0.9908219628288393,0.9993699186739395
2,0.026917687674684877,0.05230538649463865,0.9929480082888276,0.9929378927627387,0.9946076067824036,0.991187871037009,0.9928947943485219,0.99953390201483
3,0.023086445354061232,0.05799167489265391,0.9923404478536026,0.9923091843380262,0.9976661630957825,0.9869004857690202,0.992254124151229,0.9995931680684219
4,0.021436499214943335,0.0474864299968711,0.9934600099130003,0.9934513980920998,0.994867460531108,0.9919615226727295,0.9934123664882557,0.9996130859676602
5,0.01998409519084169,0.04751926938075977,0.993516324859144,0.9935037231846452,0.9956147699880094,0.9913235890067786,0.993464545676186,0.9996265412260305
