epoch,train_loss,val_loss,val_accuracy,val_balanced_accuracy,val_precision,val_recall,val_f1,val_auc
1,0.5003777786614855,0.5132787927404626,0.8162289960864068,0.8164181701473661,0.8285564562017845,0.8090128630436161,0.8186680379844457,0.8997124719225474
2,0.3830597053026935,0.4457510415609781,0.8371071921807379,0.8359342329096227,0.8154927829344016,0.8818502722373956,0.8473744072503306,0.9182482150130713
3,0.3572337124287119,0.47557872425426134,0.8374546148295358,0.8376906037855029,0.8506562267718699,0.8284527057186736,0.8394076632780489,0.9193634810610471
4,0.3390440098188265,0.44567308302049513,0.8418109398784048,0.8415378159823668,0.8413290483502623,0.852229378648404,0.8467441343433045,0.9214373374356859
5,0.33043622678950896,0.43082378436992697,0.8481119307738255,0.848125482131882,0.8549481870872258,0.8475950078820186,0.8512557185205573,0.9262994635221546
