epoch,train_loss,val_loss,val_accuracy,val_balanced_accuracy,val_precision,val_recall,val_f1,val_auc
1,0.48873231137469736,0.45464623357689765,0.8122629683627968,0.8117625357284577,0.7746670166910069,0.8843285982561648,0.8258734270463493,0.8942535017768404
2,0.41397391561707264,0.4417154749185999,0.8155398681883564,0.8148011110894966,0.7617678230581351,0.9219258071026912,0.8342294613666124,0.9000343484175539
3,0.39724822072469024,0.45187960458956555,0.8219947130816563,0.8216027705789122,0.7910666279404562,0.8784370419868078,0.8324656497374074,0.9034642893670928
4,0.38240504433983735,0.45721835492343305,0.8235453297965688,0.8233425462082513,0.8075357721716337,0.8527475161076784,0.829526055883071,0.903404750294905
5,0.37533598642844657,0.45465999567562065,0.8268711102344066,0.8266976396322422,0.8131537812384149,0.8518520314516626,0.8320531918280822,0.9068529961422402
