epoch,train_loss,val_loss,val_accuracy,val_balanced_accuracy,val_precision,val_recall,val_f1,val_auc
1,0.3994713828455661,0.27546427434754933,0.9032744583793768,0.90338248730812,0.86709140735543,0.9520496154110822,0.9075866362944929,0.9668453320308288
2,0.2660630646538721,0.34462862030553787,0.9032284621480013,0.9031434172333478,0.9363338705764425,0.864830607839561,0.899162958336297,0.9732737779056824
3,0.2447544506591438,0.2528990292807129,0.9210958648788042,0.9211372878111961,0.9056062359895604,0.9397983555508344,0.9223855356826123,0.9758631821121256
4,0.23696619787009285,0.25654688494589434,0.9221695769059989,0.922196206297612,0.9119479127358844,0.9341927708106599,0.9229363233544222,0.9764207729471721
5,0.2331648322426797,0.2507448480267346,0.9227768604825645,0.9228134374751167,0.908957067907121,0.9392914050239412,0.923875305647572,0.9765741683866961
