epoch,train_loss,val_loss,val_accuracy,val_balanced_accuracy,val_precision,val_recall,val_f1,val_auc
1,0.36921425072870995,0.29018302565498016,0.9087312603044362,0.9085802529550197,0.8926590748770543,0.9306096895817754,0.9112394187482921,0.9693098309424923
2,0.2334688564078688,0.24150478146641716,0.9076010998701847,0.9071631751056304,0.862665661413251,0.9710490448021379,0.9136543036488539,0.9746365716088691
3,0.2125313827478812,0.23756240392510694,0.9209173070708288,0.92066117964937,0.8927312268392957,0.958025869654223,0.9242267519390736,0.9773108305605297
4,0.2028150126479538,0.27569491188957634,0.922949711612723,0.9229678691249183,0.926163617058854,0.9203189929890611,0.9232320551045888,0.9782339922903053
5,0.19830389597496728,0.2681437087454807,0.9240288222953765,0.9240153144072334,0.9233269938670274,0.9259858884684379,0.9246545297225226,0.9783939754765307
