epoch,train_loss,val_loss,val_accuracy,val_balanced_accuracy,val_precision,val_recall,val_f1,val_auc
1,0.11116326459689538,0.060669706560291366,0.9901464819866935,0.9901738627790568,0.995140004371859,0.9852126424872082,0.9901514408627481,0.9993190137255764
2,0.04098384461532675,0.0556473615692883,0.9919701905166877,0.9919816749118027,0.9941028220874675,0.989900777714666,0.9919973500157659,0.9995427119600817
3,0.036029422415357046,0.060654160188729905,0.989005712441148,0.9890583437495921,0.9985831728131285,0.9795218952796061,0.9889606955724989,0.9995911521060971
4,0.034355337660406826,0.05050849491635342,0.9920449000891728,0.9920710464041318,0.9968133149607477,0.987333505334811,0.9920507639429661,0.9996081557636812
5,0.03290666186381422,0.05012988832731733,0.9923046061264592,0.9923266839973548,0.9963379219225152,0.9883263183529103,0.9923159496967752,0.9996073702816894
