epoch,train_loss,val_loss,val_accuracy,val_balanced_accuracy,val_precision,val_recall,val_f1,val_auc
1,0.5471141228302373,0.4529166638620069,0.8165381066978837,0.8157908944774588,0.7752282035315667,0.896334642724439,0.831394280387056,0.8961993506881496
2,0.45051229469013004,0.5077392983799003,0.8273070621309114,0.8277338433774255,0.863149863838053,0.7817300972713634,0.8204248856710357,0.9172302527985846
3,0.4286731587545217,0.45039706770416643,0.8380988646105775,0.8377180534712434,0.8149109009566907,0.8787665744907932,0.8456349822562447,0.9169551385090786
4,0.415895791342747,0.4389627102052434,0.8444852125210519,0.844303151940746,0.8338859615846024,0.8639278865810965,0.8486411360347457,0.9210545324095055
5,0.4092660050762151,0.4298607678741769,0.8441014909329864,0.8436597531863272,0.8165735650730462,0.8912756953317356,0.8522908770385246,0.9217030362255989
