epoch,train_loss,val_loss,val_accuracy,val_balanced_accuracy,val_precision,val_recall,val_f1,val_auc
1,0.37746332252378517,0.37400655249078796,0.8837173089137862,0.8833613173103618,0.8558358121419983,0.9252515043603753,0.8891909625462904,0.9577815679725554
2,0.2691814706383797,0.3458904901659738,0.9000530095957321,0.9002889700936915,0.9250122529783107,0.8725230640980118,0.8980012994788598,0.9665855938634238
3,0.24822723178687778,0.33436405703774563,0.9027134093066838,0.9024208393191355,0.8783254665225384,0.9368480881242262,0.9066433696722608,0.9692024293059757
4,0.2369832100177555,0.31788391897557633,0.9102262835900794,0.9102040538550271,0.9094782681020703,0.9128198676844942,0.9111460041004951,0.9705406487547703
5,0.23230937977754262,0.31799439429996534,0.9096507321899424,0.9095648202289726,0.9029477288761388,0.9196742387665031,0.9112342328169768,0.9706548916970394
