epoch,train_loss,val_loss,val_accuracy,val_balanced_accuracy,val_precision,val_recall,val_f1,val_auc
1,0.5183317449367122,0.5138809455806955,0.7793405853625565,0.7788068207234323,0.7515292606037047,0.8402986567480202,0.7934388149728496,0.8574331914035079
2,0.42976656933443264,0.5060878636312973,0.7920204845366834,0.7921119929299107,0.8011834795279175,0.7815698575040076,0.791255141629904,0.8764919104394386
3,0.40772183567348635,0.5014406800323228,0.7964484578418246,0.7967176619136409,0.8189277996700558,0.7657042686914118,0.7914222165222399,0.8854002192139023
4,0.39738879444822933,0.4782514350200624,0.8065213826291074,0.8061993638576918,0.7879649826959142,0.8432972231711641,0.8146926710784397,0.8869104981631957
5,0.39284897719206907,0.4929149367476594,0.8006061528460536,0.800747684413315,0.8135336139341328,0.7844426778834296,0.7987233476872309,0.8865220265172636
