epoch,train_loss,val_loss,val_accuracy,val_balanced_accuracy,val_precision,val_recall,val_f1,val_auc
1,0.49762872160659005,0.5706926927939893,0.7816219163238152,0.7811212564570582,0.7884137390604705,0.7571262908735351,0.7724533281148053,0.865775771303188
2,0.40392259372045436,0.5227937305568694,0.8084728109526506,0.8086148754233138,0.7978201993294681,0.8154235539504846,0.8065258347079115,0.8916820468108089
3,0.3833977381050061,0.5170504742532018,0.8147466276407019,0.8145615364016703,0.8140069161315159,0.8056907276844751,0.8098274725559882,0.8974070137170629
4,0.37162367867713064,0.5144609704737302,0.8158830772713678,0.8158247001888124,0.8112950817033723,0.8130268803917984,0.8121600578541646,0.8983576569436492
5,0.3649156839661266,0.4963365759396376,0.8213536686364067,0.8215723019907599,0.8085950624655357,0.8320506729596532,0.8201552002961094,0.9024093501769052
