epoch,train_loss,val_loss,val_accuracy,val_balanced_accuracy,val_precision,val_recall,val_f1,val_auc
1,0.5470056787166553,0.575608707576983,0.7660984392910609,0.7659513914974049,0.7536442550951744,0.7942425441259648,0.7734109895295944,0.8522159690642006
2,0.4871798514519762,0.5828750065525401,0.7659909215436923,0.7664037211073667,0.8182611467940929,0.6869834512035866,0.746897703347582,0.8646610403107681
3,0.46814391363209346,0.5577792458587947,0.781661861844855,0.7816697754625654,0.7842939604864578,0.7801472407755523,0.7822151049676503,0.8682103663033509
4,0.4558193135848248,0.5517137583685299,0.7848989560163904,0.7848464916755313,0.780993146672896,0.7949403301337503,0.7879050213545538,0.8711219046656181
5,0.4488062481663282,0.5519095740100048,0.7854489883321362,0.7852838596358731,0.7700857021972366,0.8170536742871639,0.7928747302457808,0.8720595256833794
