epoch,train_loss,val_loss,val_accuracy,val_balanced_accuracy,val_precision,val_recall,val_f1,val_auc
1,0.5568795992200338,0.6250961135359202,0.725706016980403,0.7227862573435699,0.897171498822455,0.5015608073857444,0.6434198442627365,0.849370255399453
2,0.49146298606431416,0.5413572259747994,0.7765870778111527,0.7751800295172298,0.8463530687055199,0.6685702634225478,0.7470298754961626,0.8654964601546016
3,0.4673676364288627,0.5356477146282598,0.774958008837836,0.7760949631251615,0.7303505364837871,0.8622401446058695,0.7908341542723157,0.8770379765753601
4,0.4569550883348181,0.5046736584264512,0.7950947347901124,0.7947415336194819,0.8073363223612328,0.7679800540399109,0.7871665676348927,0.8797001255801491
5,0.4516035953359027,0.5045343550181796,0.795270862247866,0.7949860993446325,0.8041655616058281,0.7734100762349141,0.7884880235071714,0.8800377547895486
