epoch,train_loss,val_loss,val_accuracy,val_balanced_accuracy,val_precision,val_recall,val_f1,val_auc
1,0.12277370944825461,0.06258240084426102,0.9874364007788151,0.987371946022707,0.9974949273974776,0.9771671089796719,0.9872263875748254,0.9989390593216793
2,0.04123146206373481,0.054650647148589075,0.9908957904242854,0.9908562420367282,0.9970442161700561,0.9845947203941785,0.9907803617773414,0.9993269195597606
3,0.03658630166643168,0.06638631799532939,0.9878024224360576,0.9877313678004891,0.9989444465224557,0.9764816009731557,0.987585309670427,0.9994280932114867
4,0.0350111365527184,0.052247024163967225,0.9924722401355397,0.9924494130618956,0.9959846576106692,0.9888353032463882,0.992397104382128,0.9994462329375564
5,0.03386437059624343,0.05157894464395527,0.9918943252376916,0.9918603894246447,0.9971677904452464,0.98648748193145,0.9917988839672495,0.9994441574227679
