epoch,train_loss,val_loss,val_accuracy,val_balanced_accuracy,val_precision,val_recall,val_f1,val_auc
1,0.07449300268260606,0.06532961301951609,0.9904128735851886,0.9904367233372996,0.9888719118924628,0.9915732377421279,0.990220732513976,0.9993856085018732
2,0.024569894317217872,0.05590027768966099,0.9919662070589433,0.9918983873707203,0.9948894732338608,0.9886665696043266,0.9917682600287558,0.9995232643838509
3,0.021768006124155515,0.05490411305903331,0.9919967330011213,0.9918997338895452,0.9963396498505261,0.9872774264102517,0.9917878375892754,0.9995692690113656
4,0.02021885151558021,0.05242890317794224,0.9926417703663207,0.9925933060760191,0.9946607685048687,0.9902838328458059,0.9924674749573423,0.9995812489575887
5,0.01925128329407141,0.052044384231059886,0.992638249351363,0.9925728965115084,0.9954749236672419,0.989458631694596,0.9924576600535298,0.999586250350532
