epoch,train_loss,val_loss,val_accuracy,val_balanced_accuracy,val_precision,val_recall,val_f1,val_auc
1,0.5939510149022149,0.5689861307915376,0.7557856500959729,0.7560525189272543,0.7713176859250656,0.7469615407657926,0.7589442534285604,0.8350190801674928
2,0.4923226336907754,0.5287634439052923,0.7831693722444923,0.7832061583607226,0.7936997221876356,0.781953026709161,0.7877825878797015,0.8630430379453382
3,0.4620492593991658,0.563288368421703,0.7718288976492595,0.773213861389744,0.8108518524277554,0.7260345971096086,0.7661027894027936,0.8610102258897999
4,0.4422063168875923,0.48922749806399524,0.8029216266755349,0.8019872295864723,0.7936951597289253,0.8338177865309143,0.8132619071158088,0.8787703481409427
5,0.432909653751557,0.5005479768750412,0.7992267885373703,0.7983144945603988,0.790741261796065,0.8293921014193751,0.8096056432026403,0.8766564908284817
