epoch,train_loss,val_loss,val_accuracy,val_balanced_accuracy,val_precision,val_recall,val_f1,val_auc
1,0.3680132162981167,0.2520860518777849,0.9225710513782018,0.9224988452442926,0.9063789639608059,0.9430967228927604,0.9243733634202147,0.9758676875570352
2,0.23215169241365638,0.2607065563335455,0.9299754992092132,0.9299983257839983,0.9360928971850613,0.9234867045532156,0.9297470718317467,0.9808696986984369
3,0.20839018139605542,0.24079283696690007,0.9325892829250951,0.9326026120512467,0.9363368301996364,0.9288002798286766,0.9325533283610626,0.9815317394833443
4,0.19076658517977652,0.21838324514640356,0.9388660998935289,0.938830270085308,0.9304942238627307,0.9490512577763205,0.9396811326325905,0.984230652393814
5,0.18171571179502832,0.22201906627943985,0.9399718950566185,0.9399560043194805,0.9364218283085838,0.9444890743177321,0.9404381510630287,0.9847830438544194
