epoch,train_loss,val_loss,val_accuracy,val_balanced_accuracy,val_precision,val_recall,val_f1,val_auc
1,0.43469043611539415,0.37473793035915154,0.8302492314313962,0.8298024738707204,0.8356189000197278,0.811609578872278,0.8234392644776399,0.9089882157269251
2,0.33381873562330155,0.3482397865026916,0.848020102669937,0.8475975336337054,0.8539665968869772,0.8303896455475457,0.8420131108054324,0.925330035993995
3,0.31674376166008283,0.32763044163285393,0.8532509189382492,0.8539726527711998,0.8274186789266331,0.8833631522175446,0.8544761922465248,0.9310236660615723
4,0.3095678542454236,0.33123927397607666,0.8558975156932678,0.8559630046296238,0.8478450865386511,0.858629850023093,0.853203388927896,0.9315478392979889
5,0.30663767158504746,0.32754309162456813,0.8579653371806124,0.8580352610951625,0.8498464627023393,0.8608827080043251,0.8553289868750776,0.9332734873851438
