epoch,train_loss,val_loss,val_accuracy,val_balanced_accuracy,val_precision,val_recall,val_f1,val_auc
1,0.33971402180697874,0.40895978937519095,0.883331930708003,0.8826820104880839,0.9310602230752835,0.8250940186176815,0.874880124756798,0.964308819645519
2,0.2224483267806937,0.26715961242234443,0.9154587756886986,0.915726205568185,0.8948095265772809,0.9394225751436385,0.9165735011742676,0.9721575512562789
3,0.2037644788956193,0.2632071649194164,0.9169017505148404,0.9171943608004692,0.8945162487004026,0.9431219104189263,0.9181762679323123,0.9741358951450754
4,0.1968425364036964,0.2857522425431561,0.9180988496038512,0.9180896283759734,0.9170734266277738,0.9172725557880074,0.9171729803995636,0.9745813264168748
5,0.19124287879478766,0.2949450483437723,0.9175944168594796,0.9175071328594951,0.9224675479581906,0.9097730908533113,0.9160763434023336,0.974933676554555
