epoch,train_loss,val_loss,val_accuracy,val_balanced_accuracy,val_precision,val_recall,val_f1,val_auc
1,0.37486793949798686,0.24137407503182687,0.9237783389111942,0.9235704639836643,0.9005837801146604,0.9538959253602712,0.9264735502477977,0.9779213403079883
2,0.25515250398453515,0.22334177076702738,0.9330610679914771,0.9329155114773711,0.91633629199823,0.9541497627604975,0.9348608115998205,0.9820853062664077
3,0.23759467066457302,0.2142731043125398,0.935277897977181,0.9351175073298243,0.9167184444419701,0.9585158095655899,0.9371513132720972,0.9830770282356741
4,0.23094440990807685,0.2235546875,0.9371814731030252,0.9371180151705176,0.9300689131297647,0.9463754619639398,0.938151334518004,0.9839134171353119
5,0.22818914138617102,0.21806462842138766,0.9379853423674596,0.937902100345521,0.9284351463616554,0.9500457135806708,0.9391161229778138,0.9841165632818291
