epoch,train_loss,val_loss,val_accuracy,val_balanced_accuracy,val_precision,val_recall,val_f1,val_auc
1,0.07445462626742466,0.09808425734154137,0.9875104402385401,0.9876202867834327,0.9812096155070366,0.9935790144049067,0.9873555761191217,0.9990743883082932
2,0.03061245293016063,0.06551736632894782,0.9920453149679667,0.991987329639916,0.9949189420908623,0.9888418617853445,0.9918710936321404,0.9993975637050297
3,0.025478898473024796,0.057581704894613533,0.99255846454806,0.9924736072481526,0.9969391257290392,0.9878704443781995,0.9923840674536335,0.9995728118429397
4,0.02273946968794231,0.049086209147045194,0.9934624081774206,0.9934331462883687,0.9948179641676421,0.9918458080000236,0.9933296628308577,0.9996269676512929
5,0.02057536724949953,0.049184372049741895,0.9931449707276288,0.9930986298736801,0.9954253831106156,0.9905848273076027,0.9929992062010479,0.9996137234240748
