epoch,train_loss,val_loss,val_accuracy,val_balanced_accuracy,val_precision,val_recall,val_f1,val_auc
1,0.41715822683090414,0.38716002594138865,0.8554451210269136,0.8559511110853991,0.8302924420466226,0.8876215573341322,0.8580004246054682,0.9374753064992712
2,0.32403468647535694,0.3609516866969316,0.8718607243671388,0.8715512559087397,0.8832705472766469,0.8521813018690456,0.8674474549683769,0.946821838723287
3,0.2995933836844404,0.34535300966975396,0.8793923557824721,0.8795154910782303,0.8701870015991375,0.8872226578500639,0.8786222611605954,0.9518427830819554
4,0.28156068009572827,0.33493176452109763,0.8791355023341458,0.879553506258086,0.856804127228614,0.9057168084473255,0.880581766571058,0.9535725288686852
5,0.27217863987322066,0.33286155177131044,0.8834868239232828,0.8831966161034757,0.8946688181694731,0.8650322055502859,0.879600944235692,0.9551843174128642
