epoch,train_loss,val_loss,val_accuracy,val_balanced_accuracy,val_precision,val_recall,val_f1,val_auc
1,0.4829113782429664,0.542673537374135,0.7718785087124564,0.7721069357668859,0.7424431884711937,0.8298075378031934,0.7836981009306466,0.8544726140306402
2,0.4053712370339867,0.5068856666407914,0.8069182688876133,0.8070296088723378,0.7893657841707796,0.8351540539620903,0.811614631270845,0.8880625670127938
3,0.38930503527323407,0.5059751641928008,0.8040049655111896,0.8041635750769522,0.7802446055339276,0.8442283014556934,0.810976379126628,0.885777426351187
4,0.37889400857883593,0.5145250243274264,0.8057367900726656,0.8057936524561584,0.7959716416918208,0.8201570726251975,0.8078833891872544,0.8869971270028056
5,0.3740811564589768,0.5229110988511355,0.8069435765256396,0.8069471524369329,0.805154502213828,0.8078504265038685,0.8065002114184981,0.8885093267347088
