epoch,train_loss,val_loss,val_accuracy,val_balanced_accuracy,val_precision,val_recall,val_f1,val_auc
1,0.5316490780227286,0.5174103030683661,0.787007398433516,0.7859586958333074,0.760214642040171,0.8487166041114689,0.8020315236358333,0.8653305980941972
2,0.4331898541390932,0.5214089687566109,0.8017833395969667,0.8019831897493258,0.814486882141962,0.7900234811258935,0.8020686892300849,0.8824569282791721
3,0.41466570732940045,0.5114654676591919,0.8103373578458074,0.8105123882885796,0.8220974981972105,0.8000379749790325,0.8109177421602022,0.8907071257745047
4,0.405065708226217,0.4999963502000917,0.814965365303681,0.8145607583109629,0.8053249891513694,0.8387738083526612,0.8217091444109565,0.8918174534508692
5,0.40055642831700783,0.5005279814320217,0.8156918902670766,0.8154775299828356,0.8127264824101026,0.8283055739432451,0.8204420783436835,0.89298681320134
