epoch,train_loss,val_loss,val_accuracy,val_balanced_accuracy,val_precision,val_recall,val_f1,val_auc
1,0.3496279924475312,0.26534060439263163,0.9192944439204711,0.9193599428271362,0.9064829209337828,0.9342587099053928,0.920161254653408,0.9742974366874351
2,0.21808011230310828,0.25246699141174,0.9229224790997173,0.9230014914405089,0.9075893829904308,0.9409741038350922,0.9239802824151222,0.9765715653117314
3,0.19969166474828787,0.25936869446354005,0.9247076146965939,0.9247452460685891,0.9169288391539425,0.9333050995797061,0.9250444969351177,0.9772659096906723
4,0.18873432768816123,0.257116951589393,0.9286559952326763,0.9286495904044204,0.929326914863279,0.927192710446904,0.9282585859434455,0.9794574516637262
5,0.1826530496831093,0.25711754832785927,0.9294206990225485,0.9294190677503269,0.9291614312011974,0.9290480089631241,0.9291047166206016,0.980083743275178
