epoch,train_loss,val_loss,val_accuracy,val_balanced_accuracy,val_precision,val_recall,val_f1,val_auc
1,0.5866146446985597,0.5879212230222561,0.7595221548124268,0.7597670926564548,0.7885361561031982,0.7126424554373503,0.7486708619034094,0.8497166370643326
2,0.5032457930062975,0.561245305573029,0.7806147069189336,0.7805117625856429,0.7716604147463908,0.8003176622388208,0.7857278268873469,0.8666208782916397
3,0.4803927229732653,0.5483824352609035,0.7878760414434538,0.7877763973795259,0.7789451155001939,0.8069473441243014,0.7926990110291712,0.8728396594214096
4,0.46134087458686274,0.5381448518564282,0.7926313828823581,0.792537959022543,0.7841513079911887,0.8105121741499202,0.7971138595951144,0.8784869744178985
5,0.45215886461476973,0.5469515243080517,0.7866752197491943,0.7868723084040118,0.8120052972607452,0.748953580919783,0.779206017032479,0.877568373372793
