epoch,train_loss,val_loss,val_accuracy,val_balanced_accuracy,val_precision,val_recall,val_f1,val_auc
1,0.5522983271931452,0.5072341046577231,0.7779383967538862,0.777034477241416,0.8170925215019746,0.7085459625194411,0.7589577913491161,0.8650965575314966
2,0.4830319333514854,0.48902205885233824,0.7921701224025325,0.7912705868978829,0.8336114989307658,0.7231142413347905,0.7744412917775091,0.8807244359712573
3,0.4684537766382733,0.47295505902473045,0.8054902976983078,0.8049616007115861,0.8277915956677934,0.7649030879136842,0.7951057465093867,0.8910904977578464
4,0.46207039991358106,0.4734408915222229,0.8046111180540215,0.8048731417565014,0.788866903126175,0.8247262525227042,0.8063981214556081,0.8919452828747494
5,0.4592550982373157,0.46973354144464646,0.8073688163970812,0.8072381771697675,0.8094041682656512,0.7973398548969196,0.803326718847981,0.8926579444043103
