epoch,train_loss,val_loss,val_accuracy,val_balanced_accuracy,val_precision,val_recall,val_f1,val_auc
1,0.5517850862939876,0.5326163426803849,0.7703758346527307,0.7698110166687148,0.7907312486866833,0.7270156745172845,0.7575360599806497,0.8543740349507214
2,0.4806141654595139,0.5300018096281031,0.7724788856071414,0.7735913441045794,0.7289390129462783,0.8578805193334208,0.7881710128565761,0.8755886294099189
3,0.46089631639781076,0.5051078528554414,0.7938301319426782,0.7937819226438594,0.7916229784051029,0.7901291822988021,0.7908753749864526,0.8795620913547731
4,0.45138908198533,0.5017135145671389,0.7973286437151651,0.7971074898130595,0.8032715190513658,0.7803510175041641,0.7916453987668657,0.8821663297258949
5,0.44666331178224244,0.502470760670684,0.7977779832537001,0.7978126767558735,0.7919390730955972,0.8004413471204188,0.7961675118059328,0.8836409421883387
