epoch,train_loss,val_loss,val_accuracy,val_balanced_accuracy,val_precision,val_recall,val_f1,val_auc
1,0.09201152377139615,0.05484457925259406,0.9934967051672051,0.9934672815622924,0.997998029616527,0.9888929123825704,0.9934246084655032,0.9996557891198373
2,0.04910300531022503,0.0520476026175556,0.9942705976459458,0.994246976280743,0.9978768172173701,0.9905746579061915,0.9942123297589571,0.9997197120709291
3,0.04502837425062763,0.054253834049876146,0.9937665768789125,0.9937342991653022,0.9987234400459372,0.9887162132180484,0.9936946322597712,0.9997333814220031
4,0.042428436794453094,0.04770110187403643,0.9946508520378398,0.9946298548843886,0.997852973336832,0.9913655121264754,0.994598663915585,0.9997539789041572
5,0.041234962857547075,0.047267287903508697,0.994801648228276,0.9947832875263433,0.9975935008718396,0.9919288232522366,0.9947530976708662,0.999752308478694
