epoch,train_loss,val_loss,val_accuracy,val_balanced_accuracy,val_precision,val_recall,val_f1,val_auc
1,0.46721654976518634,0.4008282896918502,0.844889365137281,0.8448949899902884,0.8426905945006344,0.8458591100510565,0.8442718794611377,0.9240380775100071
2,0.36261778789310173,0.36746760428849556,0.8639251263427444,0.8640446988428399,0.8482137871505409,0.8845398559440039,0.8659960451803473,0.9378343449178952
3,0.334803297207256,0.3653120966275388,0.8640628538411262,0.8641445620124469,0.8527636818219625,0.8781496368108469,0.8652705013199989,0.9386417012501562
4,0.3159144679497053,0.3429837037525673,0.8765397968527293,0.8766222349344416,0.8649137460890054,0.8907524190023818,0.8776429447418219,0.9468148087876311
5,0.305215707630552,0.34555893605944776,0.8762436590486046,0.8762896022231934,0.8691335914781004,0.8841644277907461,0.8765845807587346,0.9464985768246119
