epoch,train_loss,val_loss,val_accuracy,val_balanced_accuracy,val_precision,val_recall,val_f1,val_auc
1,0.35524736317822525,0.2514377784850414,0.9230152930967468,0.9230570789325119,0.9144797804878645,0.9325619312411947,0.9234323456338753,0.9771002371425088
2,0.23312230366427902,0.2379299610120942,0.9207786193624227,0.9209107012405183,0.896237684643081,0.9509548231533388,0.9227858442538133,0.9775060291469342
3,0.2141300917211975,0.2245673535964354,0.9320457294954985,0.9320855334390046,0.9237836958513769,0.9411395728617684,0.9323808732679388,0.981132104346068
4,0.20458414325073052,0.2293350672342457,0.9330159033716219,0.9330471703696148,0.9263763068002708,0.9401593458859903,0.9332169373697093,0.98208303099058
5,0.20016774699759357,0.2266076046308084,0.9345336928842276,0.9345540793842303,0.9299905482287018,0.939191312744983,0.9345682858021673,0.9825938511198617
