epoch,train_loss,val_loss,val_accuracy,val_balanced_accuracy,val_precision,val_recall,val_f1,val_auc
1,0.366606838381506,0.39591034619866466,0.8804037278684123,0.880446031586984,0.8859998535616671,0.8754680751777998,0.8807024797329379,0.9517541438253319
2,0.2766323367951998,0.3695491868622449,0.8941272579452803,0.8941775351279897,0.9004317028894357,0.8882613265214138,0.8943051107142134,0.9603158945242339
3,0.2605575642859559,0.36155507305642165,0.8971257182359699,0.8971913887523589,0.9048991910370732,0.8894638182457897,0.8971151159753774,0.9620649089431198
4,0.249445253289672,0.3569003158265621,0.8991195903984922,0.8990944654910529,0.8983116646346253,0.9020509595828308,0.9001774289113873,0.9632886632718389
5,0.24435235274470446,0.356557387133094,0.8994745540072171,0.8995001774591913,0.903417160661441,0.8964850187145944,0.8999377404647871,0.9633970845262453
