epoch,train_loss,val_loss,val_accuracy,val_balanced_accuracy,val_precision,val_recall,val_f1,val_auc
1,0.11774667113433489,0.08848072737124965,0.9876604305364365,0.9876788426735328,0.9862141768931177,0.9886776261126758,0.9874443650688379,0.9989536766523237
2,0.050571657646597865,0.08431600837115438,0.9908544676280289,0.99074565939667,0.9964810614087526,0.9848432560550348,0.9906279799474672,0.9993762984373287
3,0.04224938481273716,0.07433677724089696,0.9917185503904065,0.9916167543616614,0.9969984758037085,0.9860947344489588,0.9915166288309895,0.9994773149116161
4,0.0363051353161543,0.05787439621208512,0.9927517818752858,0.9927042788438928,0.9950793893533673,0.990127432885362,0.9925972349687021,0.9995370453762435
5,0.03216443549835094,0.05767645486971227,0.9928483932730485,0.9927900963828876,0.9957743498013248,0.9896277275529225,0.9926915239885133,0.9995374767011396
