epoch,train_loss,val_loss,val_accuracy,val_balanced_accuracy,val_precision,val_recall,val_f1,val_auc
1,0.4308472496560006,0.3870504266736006,0.8334290970104254,0.8332279748777844,0.836254272786213,0.8218042077944605,0.8289662737602923,0.9157751105915086
2,0.29758163404071786,0.3578463971344317,0.8555712612840926,0.8549816904138376,0.87670717568557,0.8214939771897111,0.8482030098322412,0.9336150663510709
3,0.25808997575725184,0.3407166404550988,0.8669132490321678,0.8671935420295418,0.8514635581890753,0.8831142260191187,0.8670001288144918,0.9372566768524163
4,0.23745599098857953,0.32789879595457877,0.8724553442685985,0.8729375904391554,0.8491114518162122,0.900329244738589,0.8739706051403494,0.9412117556299706
5,0.23013863903075044,0.3308941354910292,0.8731806721954715,0.8737842633497218,0.8452487657451587,0.9080683307925558,0.8755331677656566,0.9416055939047523
