epoch,train_loss,val_loss,val_accuracy,val_balanced_accuracy,val_precision,val_recall,val_f1,val_auc
1,0.5810564555088856,0.6360074483659837,0.7396414962459747,0.7403717541974242,0.8357436348945165,0.5998743101419017,0.6984325295893619,0.8519503173262415
2,0.49592574802154393,0.562478938263839,0.7853464349522038,0.7853278116408764,0.7850570355531811,0.7889108299923476,0.786979214845574,0.870092899302795
3,0.47263452919848725,0.5523619332988857,0.7912323784143948,0.7912483793275027,0.7947535949515874,0.788169895361991,0.7914480536863703,0.8760616250731335
4,0.45417009021345134,0.5358972720839325,0.7981541436742152,0.7979706805245936,0.780111027027073,0.8332679389098683,0.8058137875055407,0.8828357516190983
5,0.44497683098696666,0.5436639043029595,0.7935458062999847,0.7937105387669106,0.8151594507836464,0.7620169563689446,0.7876928932293333,0.881923853387776
