epoch,train_loss,val_loss,val_accuracy,val_balanced_accuracy,val_precision,val_recall,val_f1,val_auc
1,0.4208472496560006,0.3770504266736006,0.8234290970104254,0.8232279748777844,0.826254272786213,0.8118042077944605,0.8189662737602923,0.9057751105915086
2,0.28758163404071786,0.3478463971344317,0.8455712612840926,0.8449816904138376,0.86670717568557,0.8114939771897111,0.8382030098322412,0.9236150663510709
3,0.24808997575725184,0.3307166404550988,0.8569132490321678,0.8571935420295418,0.8414635581890753,0.8731142260191187,0.8570001288144918,0.9272566768524163
4,0.22745599098857953,0.31789879595457877,0.8624553442685985,0.8629375904391554,0.8391114518162122,0.890329244738589,0.8639706051403494,0.9312117556299706
5,0.22013863903075044,0.3208941354910292,0.8631806721954715,0.8637842633497218,0.8352487657451587,0.8980683307925558,0.8655331677656566,0.9316055939047523
