epoch,train_loss,val_loss,val_accuracy,val_balanced_accuracy,val_precision,val_recall,val_f1,val_auc
1,0.3727856394014315,0.3255268675208604,0.8894143437912974,0.8891071699151121,0.8825347375877017,0.9036749819956613,0.892979759718401,0.9554302041476214
2,0.24001551974027735,0.2915718762491256,0.8991997280953056,0.8980783355551805,0.8648148247530013,0.9512607089912091,0.9059803384329039,0.9657627321699295
3,0.22060431342665746,0.2778150509487109,0.9077829345168409,0.9075824377633062,0.9037092807508593,0.9170910556982961,0.9103509942714652,0.967850962170154
4,0.20956355601429802,0.2807451531974493,0.9073960478908156,0.9073256707785007,0.9082021474764516,0.9106633261797622,0.9094310716690566,0.9677295929363579
5,0.20505906536629598,0.2767626138265714,0.9084405653123866,0.9082882992201766,0.9061252544017753,0.9155095637531562,0.9107932370367459,0.9682213537139234
