epoch,train_loss,val_loss,val_accuracy,val_balanced_accuracy,val_precision,val_recall,val_f1,val_auc
1,0.07068706937715045,0.05989512001595846,0.99148460456639,0.9914730000501621,0.9933787330858864,0.9894653777735675,0.9914181937167167,0.9995223720830818
2,0.024784944274038684,0.05891990661621094,0.9915840223574914,0.9915911703712506,0.9902675469850931,0.9928278019872847,0.9915460217906492,0.9995437484248374
3,0.02155099833954606,0.0542243314688063,0.9923154625929442,0.992306570939147,0.9937545207965549,0.9907682834406972,0.9922591553282323,0.999589400821569
4,0.01985590405610249,0.05247421856730053,0.9926936753409997,0.9926832191765995,0.9944082570506328,0.9908742658203865,0.9926381160156836,0.9996146609508723
5,0.018495148230213747,0.0524235575267851,0.9926487084124588,0.9926432181080862,0.9935067109139877,0.991693376068376,0.9925992153169128,0.9996155341794345
