epoch,train_loss,val_loss,val_accuracy,val_balanced_accuracy,val_precision,val_recall,val_f1,val_auc
1,0.3740055767224055,0.27098148571769576,0.9153514600119408,0.9151817570635641,0.8968694451140674,0.9399385676498432,0.9178990681132,0.9729430381458963
2,0.2516763623293988,0.24240519076225334,0.9218274934681514,0.9216244532352795,0.8992926368878615,0.9512446138434627,0.9245393755468517,0.9764288029780602
3,0.2306856155154206,0.26129102681413113,0.9256563343868278,0.9256558838750395,0.9265385716521256,0.9257216059801611,0.9261299086489839,0.9789992311188769
4,0.22338295647108902,0.24640634945894335,0.9281045862614821,0.928020032843556,0.918744439046636,0.9403549567328547,0.929424095548169,0.9794773339253109
5,0.2190525990211333,0.2475951822087842,0.9290372301675549,0.9289704310853603,0.9217641603159336,0.9387152955149336,0.9301625056210314,0.9800583402571292
