,accuracy,loss,val_accuracy,val_loss
0,0.4507712125778198,1.9302548170089722,0.8327448964118958,0.5543961524963379
1,0.8805198669433594,0.41115447878837585,0.8823183178901672,0.39601776003837585
2,0.9095286726951599,0.30536478757858276,0.8824654221534729,0.4022745192050934
3,0.9115056395530701,0.29590773582458496,0.8955575227737427,0.38209035992622375
4,0.9086673855781555,0.3084404170513153,0.8634892702102661,0.4681887924671173
5,0.8938302397727966,0.35903000831604004,0.8465725183486938,0.5278122425079346
6,0.857696533203125,0.48345017433166504,0.7887613773345947,0.717976450920105
7,0.3474592864513397,2.3369834423065186,0.034863196313381195,3.4233357906341553
